Station Name,Year,Month,Day,Mean Temp (C),Total Precip (mm),Avg Rel Hum (%),Avg Wind Spd (km/h),Daylight (hrs),Mean UV,Cases,Cumulative Cases
EDMONTON BLATCHFORD,2020,1,25,-3.4,0,84.38,3.38,8.532222222,1,0,0
EDMONTON BLATCHFORD,2020,1,26,-5.2,0.2,83.46,9.58,8.587777778,1,0,0
EDMONTON BLATCHFORD,2020,1,27,-4.2,0,87.96,6.33,8.644444444,1,0,0
EDMONTON BLATCHFORD,2020,1,28,-9.7,0,85.92,3.21,8.701666667,1,0,0
EDMONTON BLATCHFORD,2020,1,29,-6.5,0,75.96,13.04,8.759722222,1,0,0
EDMONTON BLATCHFORD,2020,1,30,-1.4,0,61.04,12.38,8.818611111,1,0,0
EDMONTON BLATCHFORD,2020,1,31,1.2,0,56,11.71,8.878333333,1,0,0
EDMONTON BLATCHFORD,2020,2,1,1.4,3.5,63.33,15.46,8.938611111,1,0,0
EDMONTON BLATCHFORD,2020,2,2,-4.3,0,58.92,13.33,8.999722222,1,0,0
EDMONTON BLATCHFORD,2020,2,3,-11.3,0.2,77.21,6.5,9.061388889,1,0,0
EDMONTON BLATCHFORD,2020,2,4,-9.9,0.6,78.71,7.83,9.123611111,1,0,0
EDMONTON BLATCHFORD,2020,2,5,-1.1,2.8,84.25,8.04,9.186388889,1,0,0
EDMONTON BLATCHFORD,2020,2,6,1.4,0.7,74.79,14.08,9.25,1,0,0
EDMONTON BLATCHFORD,2020,2,7,-2.1,0.2,67.71,7.92,9.313888889,1,0,0
EDMONTON BLATCHFORD,2020,2,8,-6.1,0,71.96,9,9.378333333,1,0,0
EDMONTON BLATCHFORD,2020,2,9,-4.3,0,66.79,16.79,9.443333333,1,0,0
EDMONTON BLATCHFORD,2020,2,10,-0.3,0,58.04,11.08,9.508611111,1,0,0
EDMONTON BLATCHFORD,2020,2,11,-7.8,5.4,81.71,12.58,9.574444444,1,0,0
EDMONTON BLATCHFORD,2020,2,12,-16.7,0.2,71,11.63,9.640555556,1,0,0
EDMONTON BLATCHFORD,2020,2,13,-8.7,0.6,78.67,14.42,9.707222222,1,0,0
EDMONTON BLATCHFORD,2020,2,14,-7.9,0.2,71.88,9.88,9.774166667,1,0,0
EDMONTON BLATCHFORD,2020,2,15,-10.5,0,76.83,9.13,9.841666667,1,0,0
EDMONTON BLATCHFORD,2020,2,16,-10.7,0.2,77.42,7.92,9.909166667,1,0,0
EDMONTON BLATCHFORD,2020,2,17,-19.2,2.8,71.71,10.29,9.977222222,1,0,0
EDMONTON BLATCHFORD,2020,2,18,-20.8,0,72.04,7.92,10.04527778,1,0,0
EDMONTON BLATCHFORD,2020,2,19,-11.3,0,67.25,8.96,10.11388889,1.5,0,0
EDMONTON BLATCHFORD,2020,2,20,-3.7,0,57.79,7.29,10.1825,2,0,0
EDMONTON BLATCHFORD,2020,2,21,0.7,0,51.21,8.08,10.25166667,2,0,0
EDMONTON BLATCHFORD,2020,2,22,-0.9,0,56.13,11.75,10.32083333,2,0,0
EDMONTON BLATCHFORD,2020,2,23,-2.8,0,50.38,6.13,10.39027778,2,0,0
EDMONTON BLATCHFORD,2020,2,24,-6.1,0,59.25,4.42,10.45972222,2,0,0
EDMONTON BLATCHFORD,2020,2,25,-8.2,0,68.08,9.17,10.52944444,2,0,0
EDMONTON BLATCHFORD,2020,2,26,0.6,0,62.46,7.04,10.59944444,2,0,0
EDMONTON BLATCHFORD,2020,2,27,4.6,0,51.46,7.96,10.66944444,2,0,0
EDMONTON BLATCHFORD,2020,2,28,1.8,0,53.88,7.88,10.73972222,2,0,0
EDMONTON BLATCHFORD,2020,2,29,-2,0.5,78.17,18.04,10.81027778,1,0,0
EDMONTON BLATCHFORD,2020,3,1,-3.8,0,68.96,14.08,10.88055556,2,0,0
EDMONTON BLATCHFORD,2020,3,2,2.6,0,53.54,16.54,10.95111111,2,0,0
EDMONTON BLATCHFORD,2020,3,3,2.9,0,64.29,13.54,11.02194444,2,0,0
EDMONTON BLATCHFORD,2020,3,4,0,0,68,12.63,11.0925,1.5,0,0
EDMONTON BLATCHFORD,2020,3,5,-3.6,0,58,14.25,11.16333333,2,0,0
EDMONTON BLATCHFORD,2020,3,6,-6.2,0.2,73.25,14.67,11.23444444,2,1,1
EDMONTON BLATCHFORD,2020,3,7,-13.3,2.8,80.38,11.96,11.30527778,2,0,1
EDMONTON BLATCHFORD,2020,3,8,-11.6,1,71.04,7.79,11.37638889,3,1,2
EDMONTON BLATCHFORD,2020,3,9,-6.5,0,53.38,10.08,11.4475,3,4,6
EDMONTON BLATCHFORD,2020,3,10,-2.9,0,48.96,9.92,11.51861111,2,0,6
EDMONTON BLATCHFORD,2020,3,11,0,0,66.42,14.92,11.58972222,2,1,7
EDMONTON BLATCHFORD,2020,3,12,-6.4,0.2,69.08,14.96,11.66083333,2.5,0,7
EDMONTON BLATCHFORD,2020,3,13,-15.7,0,60.04,13.92,11.73222222,2.5,1,8
EDMONTON BLATCHFORD,2020,3,14,-17.1,1,73.71,9.58,11.80333333,1,4,12
EDMONTON BLATCHFORD,2020,3,15,-16.7,0,62.25,7.5,11.87472222,3,3,15
EDMONTON BLATCHFORD,2020,3,16,-7,0,53,9.33,11.94583333,4,3,18
EDMONTON BLATCHFORD,2020,3,17,-5.1,0,63.71,11.38,12.01722222,3,2,20
EDMONTON BLATCHFORD,2020,3,18,-8.9,0,68.17,9.58,12.08861111,3.5,7,27
EDMONTON BLATCHFORD,2020,3,19,-10.6,0,73.63,13.54,12.15972222,4,2,29
EDMONTON BLATCHFORD,2020,3,20,-7.3,0,65.38,9.13,12.23111111,5,14,43
EDMONTON BLATCHFORD,2020,3,21,-3.3,0,59,11.46,12.3025,4,14,57
EDMONTON BLATCHFORD,2020,3,22,-0.8,0,55.33,8.54,12.37361111,4,3,60
EDMONTON BLATCHFORD,2020,3,23,-1.5,0.4,78.5,16.63,12.445,2,8,68
EDMONTON BLATCHFORD,2020,3,24,-4.7,1.8,75.33,9,12.51611111,2.5,18,86
EDMONTON BLATCHFORD,2020,3,25,-4.5,0.4,64.5,10.38,12.58722222,4,14,100
EDMONTON BLATCHFORD,2020,3,26,-0.7,0,57.04,12.67,12.65833333,4.5,11,111
EDMONTON BLATCHFORD,2020,3,27,2.5,0,62.83,10.96,12.72944444,4.5,9,120
EDMONTON BLATCHFORD,2020,3,28,-4.5,0.4,72.25,17.25,12.80055556,2,21,141
EDMONTON BLATCHFORD,2020,3,29,-5.3,0,78.17,13.54,12.87138889,3,8,149
EDMONTON BLATCHFORD,2020,3,30,-9,4.5,80.88,13,12.9425,1,15,164
EDMONTON BLATCHFORD,2020,3,31,-13.6,0.2,71.75,15.21,13.01333333,3,23,187
EDMONTON BLATCHFORD,2020,4,1,-15.1,0.3,68.42,13.58,13.08388889,3.5,32,219
EDMONTON BLATCHFORD,2020,4,2,-14.4,0,63.5,8.54,13.15472222,4,28,247
EDMONTON BLATCHFORD,2020,4,3,-11.6,0,63.5,10.38,13.22527778,2,16,263
EDMONTON BLATCHFORD,2020,4,4,-8.4,0.5,72.79,11.83,13.29555556,4,28,291
EDMONTON BLATCHFORD,2020,4,5,-9.4,0.7,79.75,12.96,13.36611111,2,19,310
EDMONTON BLATCHFORD,2020,4,6,-4.8,0,69.83,10.13,13.43611111,5,41,351
EDMONTON BLATCHFORD,2020,4,7,0.4,0,51.38,20.08,13.50638889,5,7,358
EDMONTON BLATCHFORD,2020,4,8,-0.3,0,50.25,13.83,13.57638889,5,10,368
EDMONTON BLATCHFORD,2020,4,9,2.5,0,60.04,12.13,13.64611111,4,8,376
EDMONTON BLATCHFORD,2020,4,10,2,0,61.13,15.88,13.71583333,5,10,386
EDMONTON BLATCHFORD,2020,4,11,-4.1,0,50.92,17.08,13.78527778,5,2,388
EDMONTON BLATCHFORD,2020,4,12,-5.4,0.2,58.17,14.17,13.85472222,3.5,7,395
EDMONTON BLATCHFORD,2020,4,13,-3.8,0,54.75,6.13,13.92388889,5,4,399
EDMONTON BLATCHFORD,2020,4,14,2.2,0,72,11.79,13.99305556,2,3,402
EDMONTON BLATCHFORD,2020,4,15,0.9,0,65.54,11.96,14.06194444,4.5,9,411
EDMONTON BLATCHFORD,2020,4,16,4.1,0,58.38,12.58,14.13055556,6,9,420
EDMONTON BLATCHFORD,2020,4,17,7.7,0,65.83,18.71,14.19888889,5,10,430
EDMONTON BLATCHFORD,2020,4,18,3.7,0,55.54,13.54,14.26722222,6,2,432
EDMONTON BLATCHFORD,2020,4,19,6.8,0,45.92,13.92,14.33527778,7,0,432
EDMONTON BLATCHFORD,2020,4,20,13,0,42.67,7.63,14.40277778,7,9,441
EDMONTON BLATCHFORD,2020,4,21,13.7,0,36.83,15.71,14.47027778,7,11,452
EDMONTON BLATCHFORD,2020,4,22,11.6,0,41.42,12.33,14.5375,7,7,459
EDMONTON BLATCHFORD,2020,4,23,10,0,37.75,14.25,14.60416667,7,3,462
EDMONTON BLATCHFORD,2020,4,24,10.6,0,37,11.54,14.67083333,7,12,474
EDMONTON BLATCHFORD,2020,4,25,10.5,0,36.42,17.79,14.73694444,8,9,483
EDMONTON BLATCHFORD,2020,4,26,10.3,0.6,43.13,21.79,14.80277778,6,4,487
EDMONTON BLATCHFORD,2020,4,27,10.9,0.5,49.5,10.29,14.86805556,5,5,492
EDMONTON BLATCHFORD,2020,4,28,10.8,0,33.04,13.58,14.93333333,6,2,494
EDMONTON BLATCHFORD,2020,4,29,13.3,0,33.5,12.29,14.99777778,6.5,3,497
EDMONTON BLATCHFORD,2020,4,30,12.8,0,57.33,13.5,15.06194444,5.5,1,498
EDMONTON BLATCHFORD,2020,5,1,10.4,0,48.88,12.88,15.12555556,6,8,506
EDMONTON BLATCHFORD,2020,5,2,10.7,0,39.46,16,15.18888889,6,3,509
EDMONTON BLATCHFORD,2020,5,3,12.6,6,61.5,21.92,15.12555556,3.5,1,510
EDMONTON BLATCHFORD,2020,5,4,6.7,17.1,88.83,12.88,15.18888889,2,0,510
EDMONTON BLATCHFORD,2020,5,5,10,0,53.25,10.96,15.25166667,8,0,510
EDMONTON BLATCHFORD,2020,5,6,13.5,0,35.96,16,15.31361111,7,1,511
EDMONTON BLATCHFORD,2020,5,7,15,0.6,53.88,11.83,15.37527778,5,2,513
EDMONTON BLATCHFORD,2020,5,8,9.8,3.5,64.21,14.04,15.43611111,6,3,516
EDMONTON BLATCHFORD,2020,5,9,7.6,0,61.13,16.63,15.49666667,6,0,516
EDMONTON BLATCHFORD,2020,5,10,5,0.3,78.54,11.25,15.55638889,4.5,0,516
EDMONTON BLATCHFORD,2020,5,11,8,0,36.38,17.5,15.61527778,7,0,516
EDMONTON BLATCHFORD,2020,5,12,9.3,0,31.46,14.29,15.67388889,6,0,516
EDMONTON BLATCHFORD,2020,5,13,8.8,0,34.17,9.25,15.73138889,7,4,520
EDMONTON BLATCHFORD,2020,5,14,6.6,0,47.67,16.38,15.78833333,6.5,4,524
EDMONTON BLATCHFORD,2020,5,15,10.8,0,44.42,11.13,15.84444444,7,2,526
EDMONTON BLATCHFORD,2020,5,16,15.2,0,42.63,8.29,15.89972222,7,1,527
EDMONTON BLATCHFORD,2020,5,17,16.2,0,51.13,18.71,15.95416667,7,0,527
EDMONTON BLATCHFORD,2020,5,18,11.9,1.4,69.96,12.67,16.00777778,6,0,527
EDMONTON BLATCHFORD,2020,5,19,13.1,0,60.29,7.79,16.06027778,7,0,527
EDMONTON BLATCHFORD,2020,5,20,11.5,3.1,60.28,13.89,16.11194444,5,3,530
EDMONTON BLATCHFORD,2020,5,21,9.2,35.8,94.04,18.96,16.1625,1.5,2,532
EDMONTON BLATCHFORD,2020,5,22,4,11.3,88.46,17.21,16.21222222,2,0,532
EDMONTON BLATCHFORD,2020,5,23,10.1,0,67.38,11.08,16.26083333,6.5,0,532
EDMONTON BLATCHFORD,2020,5,24,14.6,0,47.46,7.92,16.30833333,8,0,532
EDMONTON BLATCHFORD,2020,5,25,15.8,0,51.38,7.08,16.35444444,6,1,533
EDMONTON BLATCHFORD,2020,5,26,12.4,1.4,56.29,15.58,16.39972222,5.5,0,533
EDMONTON BLATCHFORD,2020,5,27,11.3,1.2,64.04,17.63,16.44361111,7,3,536
EDMONTON BLATCHFORD,2020,5,28,12.1,0,47.04,9.17,16.48638889,8,1,537
EDMONTON BLATCHFORD,2020,5,29,15.5,0.2,52.42,13.63,16.5275,7.5,3,540
EDMONTON BLATCHFORD,2020,5,30,18.4,0,46.54,19.46,16.5675,8,5,545
EDMONTON BLATCHFORD,2020,5,31,19.9,14.1,64.08,22,16.60611111,6,2,547
EDMONTON BLATCHFORD,2020,6,1,15.1,0,42.42,16.88,16.64333333,8,8,555
EDMONTON BLATCHFORD,2020,6,2,15.8,1.1,51.75,15.33,16.67916667,8,6,561
EDMONTON BLATCHFORD,2020,6,3,13.1,0.8,57,20,16.71361111,7,3,564
EDMONTON BLATCHFORD,2020,6,4,11.5,0,67.04,11.67,16.74638889,7,3,567
EDMONTON BLATCHFORD,2020,6,5,12.6,0,55.54,16.17,16.7775,8,7,574
EDMONTON BLATCHFORD,2020,6,6,12.6,12.5,91.92,13,16.80722222,5,20,594
EDMONTON BLATCHFORD,2020,6,7,8.1,26.5,90.96,15,16.83527778,1.5,0,594
EDMONTON BLATCHFORD,2020,6,8,11.4,0.3,68.67,12.67,16.86166667,7,19,613
EDMONTON BLATCHFORD,2020,6,9,13.8,0,47.92,8.88,16.88638889,8,10,623
EDMONTON BLATCHFORD,2020,6,10,15.3,0,51.08,11.29,16.90916667,8,22,645
EDMONTON BLATCHFORD,2020,6,11,18.2,0.8,57.92,17.17,16.93055556,8,17,662
EDMONTON BLATCHFORD,2020,6,12,20.7,0,56.29,14.38,16.95,8,15,677
EDMONTON BLATCHFORD,2020,6,13,18.5,0,76.13,13.42,16.96777778,9,11,688
EDMONTON BLATCHFORD,2020,6,14,17.2,24.3,75.67,14.33,16.98388889,8,20,708
EDMONTON BLATCHFORD,2020,6,15,14.9,6.1,74.29,11.75,16.99805556,7,4,712
EDMONTON BLATCHFORD,2020,6,16,14.8,0,58.42,12.71,17.01027778,8,20,732
EDMONTON BLATCHFORD,2020,6,17,11.9,0.9,84.5,13.17,17.02083333,3,15,747
EDMONTON BLATCHFORD,2020,6,18,12.3,0,62.88,5.71,17.02944444,8,23,770
EDMONTON BLATCHFORD,2020,6,19,15.1,0,48.21,6.5,17.03638889,8,24,794
EDMONTON BLATCHFORD,2020,6,20,17.1,0,51.92,12.08,17.04111111,9,29,823
EDMONTON BLATCHFORD,2020,6,21,16.4,0,71.96,6.67,17.04416667,7,23,846
EDMONTON BLATCHFORD,2020,6,22,19.7,0,57.21,7.92,17.04527778,9,11,857
EDMONTON BLATCHFORD,2020,6,23,21.9,0,61.96,10.75,17.04444444,9,28,885
EDMONTON BLATCHFORD,2020,6,24,18.3,2.1,72.38,7.96,17.04166667,7,29,914
EDMONTON BLATCHFORD,2020,6,25,18.5,0,47.08,13.08,17.03722222,8,11,925
EDMONTON BLATCHFORD,2020,6,26,17.7,0,67.63,11.58,17.03083333,7,19,944
EDMONTON BLATCHFORD,2020,6,27,15.4,3.9,74.54,12.33,17.0225,7,14,958
EDMONTON BLATCHFORD,2020,6,28,14.4,2.2,78.92,14.25,17.0125,6,26,984
EDMONTON BLATCHFORD,2020,6,29,16.8,0,76.38,7.75,17.00027778,7,33,1017
EDMONTON BLATCHFORD,2020,6,30,15.2,24,93.58,10.83,16.98666667,2,11,1028
EDMONTON BLATCHFORD,2020,7,1,14.8,18.9,86.13,13.13,16.97083333,4,0,1028
EDMONTON BLATCHFORD,2020,7,2,14.2,0.8,69.17,10.71,16.95361111,4.5,40,1068
EDMONTON BLATCHFORD,2020,7,3,16.9,0,60.83,11.88,16.93416667,8,20,1088
EDMONTON BLATCHFORD,2020,7,4,17.1,5.1,77.54,8.83,16.91333333,8,0,1088
EDMONTON BLATCHFORD,2020,7,5,16.3,5.2,77.42,9.83,16.89083333,7,0,1088
EDMONTON BLATCHFORD,2020,7,6,17.2,0,61.88,6.79,16.86638889,9,40,1128
EDMONTON BLATCHFORD,2020,7,7,16.8,10.5,81.71,10.58,16.84027778,6,29,1157
EDMONTON BLATCHFORD,2020,7,8,15,9.1,87.71,11.29,16.81277778,3,18,1175
EDMONTON BLATCHFORD,2020,7,9,16.5,7.8,73.79,11,16.78361111,8,4,1179
EDMONTON BLATCHFORD,2020,7,10,16.3,1.3,62.33,11.42,16.75277778,8,23,1202
EDMONTON BLATCHFORD,2020,7,11,19.3,0,56,13.71,16.72055556,8,0,1202
EDMONTON BLATCHFORD,2020,7,12,16.8,1.7,62.21,15.17,16.68666667,7,0,1202
EDMONTON BLATCHFORD,2020,7,13,16.1,5.8,63.42,21.54,16.65138889,7,50,1252
EDMONTON BLATCHFORD,2020,7,14,18.1,0,50,21.5,16.61472222,8,22,1274
EDMONTON BLATCHFORD,2020,7,15,17.9,0.4,68.38,13.38,16.57666667,6,13,1287
EDMONTON BLATCHFORD,2020,7,16,19.8,27.5,79.79,8.83,16.53722222,8,24,1311
EDMONTON BLATCHFORD,2020,7,17,17.6,0.2,59.46,18.25,16.49638889,8,23,1334
EDMONTON BLATCHFORD,2020,7,18,18.4,0,66.54,15.08,16.45444444,7.5,0,1334
EDMONTON BLATCHFORD,2020,7,19,18.7,4.3,74.42,11.96,16.41111111,6,0,1334
EDMONTON BLATCHFORD,2020,7,20,19,0,64.63,8.71,16.36666667,9,57,1391
EDMONTON BLATCHFORD,2020,7,21,19.9,0,72.29,11,16.32083333,7.5,24,1415
EDMONTON BLATCHFORD,2020,7,22,19.7,8.1,68.21,6.17,16.27416667,7.5,25,1440
EDMONTON BLATCHFORD,2020,7,23,18.6,12.7,85.46,7.29,16.22638889,3,11,1451
EDMONTON BLATCHFORD,2020,7,24,16,0,66.67,11.67,16.17722222,6,22,1473
EDMONTON BLATCHFORD,2020,7,25,15.9,1.8,69.96,11.08,16.1275,7,0,1473
EDMONTON BLATCHFORD,2020,7,26,18.3,0,58.96,12.29,16.07638889,8,0,1473
EDMONTON BLATCHFORD,2020,7,27,21.5,0,56.13,13.38,16.02444444,9,84,1557
EDMONTON BLATCHFORD,2020,7,28,23.5,0,65.63,10.58,15.97166667,8,18,1575
EDMONTON BLATCHFORD,2020,7,29,22.5,0,67.67,8.92,15.91805556,8,30,1605
EDMONTON BLATCHFORD,2020,7,30,22.5,0,66.25,8,15.86361111,9,24,1629
EDMONTON BLATCHFORD,2020,7,31,22.4,0,56.08,14.13,15.80833333,9,18,1647
EDMONTON BLATCHFORD,2020,8,1,23.1,0,51.88,22.54,15.75222222,9,0,1647
EDMONTON BLATCHFORD,2020,8,2,24.4,0,56,17.33,15.69527778,9,0,1647
EDMONTON BLATCHFORD,2020,8,3,18.4,33.1,79.96,12.58,15.63777778,6,0,1647
EDMONTON BLATCHFORD,2020,8,4,19.1,0,63.21,8.83,15.57944444,8,105,1752
EDMONTON BLATCHFORD,2020,8,5,20.9,0,54.5,11.79,15.52055556,8,50,1802
EDMONTON BLATCHFORD,2020,8,6,22.2,0,62.96,15.33,15.46111111,8,33,1835
EDMONTON BLATCHFORD,2020,8,7,15.9,6.1,66.38,13.71,15.40111111,3,39,1874
EDMONTON BLATCHFORD,2020,8,8,14.1,0,56.96,16.83,15.34027778,6,0,1874
EDMONTON BLATCHFORD,2020,8,9,16.5,0,49.08,18.13,15.27916667,6,0,1874
EDMONTON BLATCHFORD,2020,8,10,17.6,0,46.5,14.04,15.2175,8,118,1992
EDMONTON BLATCHFORD,2020,8,11,14.6,7.4,70.29,14.25,15.15527778,7,49,2041
EDMONTON BLATCHFORD,2020,8,12,14.2,4,61.21,12.5,15.0925,6,95,2136
EDMONTON BLATCHFORD,2020,8,13,16,0,55.54,12,15.02944444,6,30,2166
EDMONTON BLATCHFORD,2020,8,14,15.5,0,56.88,11.83,14.96555556,7,52,2218
EDMONTON BLATCHFORD,2020,8,15,17.7,0,69.13,9.08,14.90166667,7,0,2218
EDMONTON BLATCHFORD,2020,8,16,21,0,58.25,11.13,14.83722222,8,0,2218
EDMONTON BLATCHFORD,2020,8,17,22.8,0,62.21,8,14.7725,7,175,2393
EDMONTON BLATCHFORD,2020,8,18,23.4,0,56.79,10.33,14.70722222,7,54,2447
EDMONTON BLATCHFORD,2020,8,19,20,0,57.96,6.67,14.64194444,7,53,2500
EDMONTON BLATCHFORD,2020,8,20,19.3,8.8,72.83,11.38,14.57611111,7,51,2551
EDMONTON BLATCHFORD,2020,8,21,18.7,0.3,72.33,12.92,14.51,7,86,2637
EDMONTON BLATCHFORD,2020,8,22,18,4.7,75.17,10.54,14.44361111,5.5,0,2637
EDMONTON BLATCHFORD,2020,8,23,15.6,0.2,58.13,5.33,14.37694444,7,0,2637
EDMONTON BLATCHFORD,2020,8,24,16.8,6.1,76.08,12.67,14.31,5.5,102,2739
EDMONTON BLATCHFORD,2020,8,25,14.8,0.2,68.13,7.46,14.24277778,6,37,2776
EDMONTON BLATCHFORD,2020,8,26,16.8,12.1,73.92,5.71,14.17555556,6,62,2838
EDMONTON BLATCHFORD,2020,8,27,15.4,0,66.88,9.42,14.10777778,6,51,2889
EDMONTON BLATCHFORD,2020,8,28,15.1,0,62.79,13.17,14.04,7,33,2922
EDMONTON BLATCHFORD,2020,8,29,14.3,0,54.17,18.58,13.97222222,5,0,2922
EDMONTON BLATCHFORD,2020,8,30,12,0,55.42,18.08,13.90388889,6,0,2922
EDMONTON BLATCHFORD,2020,8,31,10.4,0,58.29,14.75,13.83555556,6,171,3093
EDMONTON BLATCHFORD,2020,9,1,16.5,0,57.13,17.13,13.76722222,7,66,3159
EDMONTON BLATCHFORD,2020,9,2,14.2,3.4,64.75,15.79,13.69861111,5,51,3210
EDMONTON BLATCHFORD,2020,9,3,14.3,0,65.54,9.38,13.63,6,45,3255
EDMONTON BLATCHFORD,2020,9,4,16.8,0,67.04,7.13,13.56111111,6,85,3340
EDMONTON BLATCHFORD,2020,9,5,16.5,0,72.75,11.46,13.49194444,5.5,0,3340
EDMONTON BLATCHFORD,2020,9,6,11.5,0,72.88,10.96,13.42277778,3.5,0,3340
EDMONTON BLATCHFORD,2020,9,7,8.4,0.9,76.67,13,13.35361111,5,0,3340
EDMONTON BLATCHFORD,2020,9,8,12.7,0,68.54,9.92,13.28444444,6,267,3607
EDMONTON BLATCHFORD,2020,9,9,15,0,71.63,8,13.215,6,52,3659
EDMONTON BLATCHFORD,2020,9,10,19.2,0,62.96,7.75,13.14555556,5,63,3722
EDMONTON BLATCHFORD,2020,9,11,15.1,0,62.79,13.08,13.07583333,6,50,3772
EDMONTON BLATCHFORD,2020,9,12,9.8,0,71.58,9.04,13.00611111,4,0,3772
EDMONTON BLATCHFORD,2020,9,13,9.9,0,83.46,12.13,12.93638889,4,0,3772
EDMONTON BLATCHFORD,2020,9,14,8.7,0,84.08,9.13,12.86666667,3,190,3962
EDMONTON BLATCHFORD,2020,9,15,7.5,0,80.17,9.5,12.79666667,4,64,4026
EDMONTON BLATCHFORD,2020,9,16,9.7,0,72.88,6.67,12.72666667,5,119,4145
EDMONTON BLATCHFORD,2020,9,17,12.2,0,57.08,10.75,12.65666667,5,90,4235
EDMONTON BLATCHFORD,2020,9,18,14.6,0,74.25,5.17,12.62916667,4,39,4274
EDMONTON BLATCHFORD,2020,9,19,13.1,0,79.08,9.17,12.58666667,4,0,4274
EDMONTON BLATCHFORD,2020,9,20,14.9,0,63.92,11.92,12.51666667,4.5,0,4274
EDMONTON BLATCHFORD,2020,9,21,12.6,0,63.92,7.67,12.44638889,4,210,4484
EDMONTON BLATCHFORD,2020,9,22,13.8,0,60.29,13.38,12.37638889,4,92,4576
EDMONTON BLATCHFORD,2020,9,23,14.3,0,57.92,16.88,12.30611111,4,74,4650
EDMONTON BLATCHFORD,2020,9,24,15.4,0,50.33,13.71,12.16583333,3,78,4728
EDMONTON BLATCHFORD,2020,9,25,12.7,0,51.92,11.5,12.09555556,4,83,4811
EDMONTON BLATCHFORD,2020,9,26,12.3,0,44.54,17.63,12.02527778,3,0,4811
EDMONTON BLATCHFORD,2020,9,27,12.3,0.2,50.25,12.83,11.955,4,0,4811
EDMONTON BLATCHFORD,2020,9,28,15.2,0,56.25,11.29,11.885,5,214,5025
EDMONTON BLATCHFORD,2020,9,29,12.1,0.5,43.08,14.67,11.81472222,4,79,5104
EDMONTON BLATCHFORD,2020,9,30,9.5,0,54.33,9.75,11.74444444,4,84,5188
EDMONTON BLATCHFORD,2020,10,1,12.6,0,61.5,6.75,11.67444444,4,116,5304
EDMONTON BLATCHFORD,2020,10,2,12.3,0,60.79,7.13,11.60416667,3,85,5389
EDMONTON BLATCHFORD,2020,10,3,12.7,0,55.63,9.46,11.53416667,4,0,5389
EDMONTON BLATCHFORD,2020,10,4,13.6,0,61.88,12.17,11.46416667,3,0,5389
EDMONTON BLATCHFORD,2020,10,5,12.8,0,53.79,10.67,11.39416667,2,339,5728
EDMONTON BLATCHFORD,2020,10,6,12.8,0,36.17,13.67,11.32416667,3,158,5886
EDMONTON BLATCHFORD,2020,10,7,10.3,0,41.83,11.25,11.25416667,2.5,88,5974
EDMONTON BLATCHFORD,2020,10,8,8.1,0,69.5,10.63,11.18444444,2.5,269,6243
EDMONTON BLATCHFORD,2020,10,9,4.9,0,66.33,12.13,11.11444444,2,154,6397
EDMONTON BLATCHFORD,2020,10,10,7.7,3.6,74,16.5,11.04472222,2.5,0,6397
EDMONTON BLATCHFORD,2020,10,11,6.1,3.4,63.67,16.38,10.97527778,2,0,6397
EDMONTON BLATCHFORD,2020,10,12,5.5,0,55.67,18.29,10.90555556,2,0,6397
EDMONTON BLATCHFORD,2020,10,13,3.5,0,62.5,7.67,10.83611111,2,481,6878
EDMONTON BLATCHFORD,2020,10,14,3.4,0,72.04,14.04,10.76666667,2,131,7009
EDMONTON BLATCHFORD,2020,10,15,3.3,0,63.04,13.63,10.6975,2,121,7130
EDMONTON BLATCHFORD,2020,10,16,-2.5,0,59.08,12.42,10.62833333,1,175,7305
EDMONTON BLATCHFORD,2020,10,17,-6.6,0.2,65.67,11.5,10.55916667,2,0,7305
EDMONTON BLATCHFORD,2020,10,18,-6.3,0,64.54,9.96,10.49055556,2,0,7305
EDMONTON BLATCHFORD,2020,10,19,-4.2,1,80.33,13.79,10.35333333,1.5,431,7736
EDMONTON BLATCHFORD,2020,10,20,-4.3,0.3,70.5,6.67,10.28472222,2,147,7883
EDMONTON BLATCHFORD,2020,10,21,-5.6,0,65.13,13.58,10.21666667,1,185,8068
EDMONTON BLATCHFORD,2020,10,22,-8.2,0,66.54,7.13,10.14861111,1,218,8286
EDMONTON BLATCHFORD,2020,10,23,-7.5,0,71.71,7.63,10.08111111,1,188,8474
EDMONTON BLATCHFORD,2020,10,24,-7.3,0.3,64.71,9.58,10.01361111,1,0,8474
EDMONTON BLATCHFORD,2020,10,25,-6.8,0,47.96,10.75,9.946388889,1,0,8474
EDMONTON BLATCHFORD,2020,10,26,1.9,0.7,72.17,11.17,9.879444444,1.5,736,9210
EDMONTON BLATCHFORD,2020,10,27,6.9,0,76.25,12.21,9.812777778,1.5,155,9365
EDMONTON BLATCHFORD,2020,10,28,1.8,0.2,79.38,6.54,9.746388889,2,144,9509
EDMONTON BLATCHFORD,2020,10,29,2.8,0,70.21,15.71,9.680555556,2,197,9706
EDMONTON BLATCHFORD,2020,10,30,1.2,1.5,81.08,13.96,9.614722222,1,218,9924
EDMONTON BLATCHFORD,2020,10,31,1.5,0,63.54,9.42,9.549444444,2,0,9924
EDMONTON BLATCHFORD,2020,11,1,8.9,0,51.17,9.17,9.484722222,2,0,9924
EDMONTON BLATCHFORD,2020,11,2,8.1,0,43.38,6.42,9.420277778,2,0,9924
EDMONTON BLATCHFORD,2020,11,3,8.7,0,55.92,5.29,9.356111111,1,948,10872
EDMONTON BLATCHFORD,2020,11,4,6.2,0.3,66.29,12.92,9.292777778,1,238,11110
EDMONTON BLATCHFORD,2020,11,5,4,3.8,84.42,10.38,9.229722222,1,0,11110
EDMONTON BLATCHFORD,2020,11,6,-0.8,0.2,85.75,8.67,9.166944444,1,548,11658
EDMONTON BLATCHFORD,2020,11,7,-4.2,8.5,84.38,19.21,9.105,1,0,11658
EDMONTON BLATCHFORD,2020,11,8,-9.8,0.4,82.63,9.08,9.043611111,1,0,11658
EDMONTON BLATCHFORD,2020,11,9,-3.7,0.8,82.04,8.39,8.982777778,1,953,12611
EDMONTON BLATCHFORD,2020,11,10,-3.2,5,81.63,15.96,8.863055556,1,344,12955
EDMONTON BLATCHFORD,2020,11,11,-11.1,0,74.54,7.13,8.804166667,1,0,12955
EDMONTON BLATCHFORD,2020,11,12,-7.9,0,67.29,6.96,8.745833333,1,635,13590
EDMONTON BLATCHFORD,2020,11,13,-5.8,0,68.46,7.96,8.688611111,1,403,13993
EDMONTON BLATCHFORD,2020,11,14,-5.8,0,85.63,5.83,8.631944444,1,0,13993
EDMONTON BLATCHFORD,2020,11,15,-6.8,0,84.5,6.58,8.576111111,1,0,13993
EDMONTON BLATCHFORD,2020,11,16,-7.9,0,88.25,10.08,8.521388889,1,1144,15137
EDMONTON BLATCHFORD,2020,11,17,-7,0,87.38,12.25,8.467222222,1,307,15444
EDMONTON BLATCHFORD,2020,11,18,-7.5,3,80.67,12.46,8.414444444,1,327,15771
EDMONTON BLATCHFORD,2020,11,19,-13.5,0.9,80,7.92,8.362222222,1,531,16302
EDMONTON BLATCHFORD,2020,11,20,-11.3,0,81.38,5.75,8.311388889,1,499,16801
EDMONTON BLATCHFORD,2020,11,21,-5.7,0,81.75,7.21,8.261388889,1,718,17519
EDMONTON BLATCHFORD,2020,11,22,-6.8,0,83.25,8.88,8.212777778,1,846,18365
EDMONTON BLATCHFORD,2020,11,23,-6.5,0,88.04,9,8.165,1,813,19178
EDMONTON BLATCHFORD,2020,11,24,-5.1,0,80.88,8.63,8.118611111,1,514,19692
EDMONTON BLATCHFORD,2020,11,25,-1.5,0.4,74.04,11.17,8.073333333,1,560,20252
EDMONTON BLATCHFORD,2020,11,26,-3.4,0,75.46,9.33,8.029444444,1,459,20711
EDMONTON BLATCHFORD,2020,11,27,-0.9,0,80.75,9.46,7.986944444,1,652,21363
EDMONTON BLATCHFORD,2020,11,28,-4.7,0,76.21,8.17,7.945833333,1,826,22189
EDMONTON BLATCHFORD,2020,11,29,-6.9,0,67.17,5.75,7.906111111,1,685,22874
EDMONTON BLATCHFORD,2020,11,30,0.3,0,53.42,17.33,7.867777778,1,629,23503
EDMONTON BLATCHFORD,2020,12,1,-0.5,0,57.29,8.08,7.830833333,1,641,24144
EDMONTON BLATCHFORD,2020,12,2,0.3,0,64.42,7.75,7.795555556,1,805,24949
EDMONTON BLATCHFORD,2020,12,3,2,0,68.5,5.58,7.761944444,1,996,25945
EDMONTON BLATCHFORD,2020,12,4,1.1,0,64.5,6.96,7.729722222,1,843,26788
EDMONTON BLATCHFORD,2020,12,5,0.7,0,57.17,8.13,7.699166667,1,812,27600
EDMONTON BLATCHFORD,2020,12,6,1.1,0,58.04,7.96,7.670555556,1,777,28377
EDMONTON BLATCHFORD,2020,12,7,4,0,67.58,7.17,7.643333333,1,837,29214
EDMONTON BLATCHFORD,2020,12,8,2.9,0,81.13,7.54,7.618055556,1,746,29960
EDMONTON BLATCHFORD,2020,12,9,-0.4,0,67.88,8.25,7.594444444,1,674,30634
EDMONTON BLATCHFORD,2020,12,10,-4.8,0,84,6.71,7.572777778,1,925,31559
EDMONTON BLATCHFORD,2020,12,11,-9.4,0,83.13,14.96,7.553055556,1,925,32484
EDMONTON BLATCHFORD,2020,12,12,-11.4,0,68.88,14.38,7.535,1,731,33215
EDMONTON BLATCHFORD,2020,12,13,-18.3,0,75.92,12.25,7.518888889,1,821,34036
EDMONTON BLATCHFORD,2020,12,14,-14.2,0.7,81.33,8.5,7.505,1,1008,35044
EDMONTON BLATCHFORD,2020,12,15,-11.2,0,79.08,5.83,7.492777778,1,584,35628
EDMONTON BLATCHFORD,2020,12,16,-5.8,0,82.42,6.21,7.4825,1,569,36197
EDMONTON BLATCHFORD,2020,12,17,-12.6,1.8,73.21,15.04,7.474166667,1,771,36968
EDMONTON BLATCHFORD,2020,12,18,-10.7,0,69.5,13.42,7.468055556,1,632,37600
EDMONTON BLATCHFORD,2020,12,19,1,0,57.33,10.46,7.463611111,1,566,38166
EDMONTON BLATCHFORD,2020,12,20,1,0,58.54,11.75,7.461388889,1,583,38749
EDMONTON BLATCHFORD,2020,12,21,-0.8,0,67.29,6.75,7.461388889,1,583,39332
EDMONTON BLATCHFORD,2020,12,22,-5.6,0,77.17,8.67,7.463055556,1,383,39715
EDMONTON BLATCHFORD,2020,12,23,-4.1,0,59.46,9.04,7.466944444,1,664,40379
EDMONTON BLATCHFORD,2020,12,24,3,0,62,6.42,7.472777778,1,0,40379
EDMONTON BLATCHFORD,2020,12,25,-2.8,0,83.96,6.04,7.480555556,1,0,40379
EDMONTON BLATCHFORD,2020,12,26,-6.4,0,86.5,5.33,7.490555556,1,0,40379
EDMONTON BLATCHFORD,2020,12,27,-8.4,0,87.04,8.04,7.502222222,1,0,40379
EDMONTON BLATCHFORD,2020,12,28,-4.9,0,68.33,10.04,7.516111111,1,1998,42377
EDMONTON BLATCHFORD,2020,12,29,-7.3,0,72.29,7,7.531666667,1,307,42684
EDMONTON BLATCHFORD,2020,12,30,-5,0,69.54,3.83,7.549444444,1,657,43341
EDMONTON BLATCHFORD,2020,12,31,-5.4,0,79.58,6.46,7.568888889,1,0,43341
EDMONTON BLATCHFORD,2021,1,1,-5.2,0,78.08,7.04,7.590277778,1,0,43341
EDMONTON BLATCHFORD,2021,1,2,-1.5,0,61.71,9.88,7.613611111,1,0,43341
EDMONTON BLATCHFORD,2021,1,3,1.7,0,52.96,9.25,7.638611111,1,0,43341
EDMONTON BLATCHFORD,2021,1,4,-2.8,0,61.83,10.79,7.665555556,1,1979,45320
EDMONTON BLATCHFORD,2021,1,5,-0.5,0,61.63,11.58,7.694166667,1,332,45652
EDMONTON BLATCHFORD,2021,1,6,1.5,0,63.88,6.33,7.724444444,1,421,46073
EDMONTON BLATCHFORD,2021,1,7,-4,0,71.83,5.04,7.756388889,1,313,46386
EDMONTON BLATCHFORD,2021,1,8,-7.3,0,74.92,8.63,7.79,1,407,46793
EDMONTON BLATCHFORD,2021,1,9,-6.9,0,69.71,6.75,7.825277778,1,314,47107
EDMONTON BLATCHFORD,2021,1,10,-5.5,0,71.58,6.58,7.862222222,1,242,47349
EDMONTON BLATCHFORD,2021,1,11,-0.5,0,62.33,7.38,7.900555556,1,194,47543
EDMONTON BLATCHFORD,2021,1,12,-2.5,0,74.04,10.88,7.940277778,1,255,47798
EDMONTON BLATCHFORD,2021,1,13,-2.8,0.8,59.04,24.96,7.981666667,1,302,48100
EDMONTON BLATCHFORD,2021,1,14,-3.4,0,57.13,14.46,8.024444444,1,313,48413
EDMONTON BLATCHFORD,2021,1,15,-1.2,0,50.58,15.67,8.068333333,1,234,48647
EDMONTON BLATCHFORD,2021,1,16,0.5,0,64.92,9.5,8.113611111,1,228,48875
EDMONTON BLATCHFORD,2021,1,17,0.5,0.2,77.13,16.79,8.160277778,1,255,49130
EDMONTON BLATCHFORD,2021,1,18,0.2,0.5,63.88,12.92,8.208333333,1,177,49307
EDMONTON BLATCHFORD,2021,1,19,0.2,0,51.04,21.42,8.257222222,1,104,49411
EDMONTON BLATCHFORD,2021,1,20,-1.1,0,66.46,17.13,8.3075,1,253,49664
EDMONTON BLATCHFORD,2021,1,21,-5.4,0,78.42,9.13,8.358888889,1,230,49894
EDMONTON BLATCHFORD,2021,1,22,-5.4,0,72.5,15.5,8.411111111,1,194,50088
EDMONTON BLATCHFORD,2021,1,23,-14,0.6,73.46,11.46,8.464444444,1,176,50264
EDMONTON BLATCHFORD,2021,1,24,-18.4,0.2,74.71,15.13,8.518888889,1,138,50402
EDMONTON BLATCHFORD,2021,1,25,-19,0,74.08,14.42,8.574166667,1,335,50737
EDMONTON BLATCHFORD,2021,1,26,-17.9,0.2,78,9.96,8.630277778,1,119,50856
EDMONTON BLATCHFORD,2021,1,27,-16,2.1,80.5,6.17,8.6875,1,134,50990
EDMONTON BLATCHFORD,2021,1,28,-18.4,0.2,79.13,2.83,8.745277778,1,121,51111
EDMONTON BLATCHFORD,2021,1,29,-17.1,0,79.92,4.5,8.803888889,1,155,51266
EDMONTON BLATCHFORD,2021,1,30,-11.9,0,76.54,4.33,8.863333333,1,90,51356
EDMONTON BLATCHFORD,2021,1,31,-14.2,0,72.38,5.62,8.923611111,1,108,51464